file,action
../data-256-3d/PKFYdeyt900/clip_7.npy,0
../data-256-3d/TdSAH2ugVeM/clip_34.npy,0
../data-256-3d/Gqfq4AaUJe0/clip_76.npy,0
../data-256-3d/-tjwPDcBe74/clip_2.npy,0
../data-256-3d/TdFsLf6NdA4/clip_51.npy,0
../data-256-3d/0En5pOUZN5M/clip_22.npy,0
../data-256-3d/hLKlL4ENOYc/clip_2.npy,0
../data-256-3d/kSjZgNuM4cI/clip_28.npy,0
../data-256-3d/WF0GqBJuBLQ/clip_29.npy,0
../data-256-3d/Yhc54R3Lztc/clip_31.npy,0
../data-256-3d/4YZd7zvVmC4/clip_9.npy,0
../data-256-3d/FDlWZ1vC9Ww/clip_24.npy,0
../data-256-3d/f3RoiuExR3E/clip_19.npy,0
../data-256-3d/RXEBAiHRwKM/clip_21.npy,0
../data-256-3d/j7Lsh86FqTM/clip_68.npy,0
../data-256-3d/63ce3pgTihA/clip_2.npy,0
../data-256-3d/gYe1Adcc-XM/clip_41.npy,0
../data-256-3d/GUGKvdGLCFA/clip_4.npy,0
../data-256-3d/GddyPzIOF_M/clip_23.npy,0
../data-256-3d/8bJvQf8pLbI/clip_16.npy,0
../data-256-3d/oKHmYqwFt_Y/clip_19.npy,0
../data-256-3d/bnOpCMT_1yI/clip_7.npy,0
../data-256-3d/Q8EjZ-UN53Q/clip_41.npy,0
../data-256-3d/4mrTUWACzoQ/clip_50.npy,0
../data-256-3d/lR3d255pDhs/clip_38.npy,0
../data-256-3d/QktoYnhOZe8/clip_9.npy,0
../data-256-3d/KAZeounoERY/clip_26.npy,0
../data-256-3d/AgRpw8GGhD8/clip_16.npy,0
../data-256-3d/s2Hln-wmxBE/clip_8.npy,0
../data-256-3d/y8uMlmc8xyA/clip_33.npy,0
../data-256-3d/IWwwR_gsHNs/clip_28.npy,0
../data-256-3d/pLWjvrMmirI/clip_9.npy,0
../data-256-3d/AoGjJKglf8A/clip_38.npy,0
../data-256-3d/e9-1xM57Zpk/clip_19.npy,0
../data-256-3d/nY58I2t9q7I/clip_22.npy,0
../data-256-3d/5NOJAAAB6v0/clip_32.npy,0
../data-256-3d/3N80KGqyXDw/clip_56.npy,1
../data-256-3d/65OJWxNvjts/clip_24.npy,1
../data-256-3d/lR3d255pDhs/clip_13.npy,1
../data-256-3d/DtzyvQ48s-8/clip_9.npy,1
../data-256-3d/KOKFSFxtVIE/clip_46.npy,1
../data-256-3d/yJg65EO3Qxo/clip_62.npy,1
../data-256-3d/Y-RQxDc_6HU/clip_25.npy,1
../data-256-3d/o-pFLkMHdB4/clip_1.npy,1
../data-256-3d/tLrf5McSWHg/clip_28.npy,1
../data-256-3d/2H45XQEjFQ8/clip_12.npy,1
../data-256-3d/wlVB_EpyqOo/clip_46.npy,1
../data-256-3d/TSBR7eWraXY/clip_3.npy,1
../data-256-3d/Pg76HpSSdww/clip_39.npy,1
../data-256-3d/3gtm0aaBkxM/clip_26.npy,1
../data-256-3d/xs8qYR7EXVY/clip_17.npy,1
../data-256-3d/3d6tdmTyfhQ/clip_75.npy,1
../data-256-3d/raYtq7YVqdQ/clip_60.npy,1
../data-256-3d/-tjwPDcBe74/clip_20.npy,1
../data-256-3d/DtzyvQ48s-8/clip_9.npy,1
../data-256-3d/r5nTtD554Cs/clip_33.npy,1
../data-256-3d/zIPz3DRVM8A/clip_13.npy,1
../data-256-3d/gChs1VYhpIY/clip_40.npy,1
../data-256-3d/EEafHCO6NBo/clip_14.npy,1
../data-256-3d/IWwwR_gsHNs/clip_7.npy,1
../data-256-3d/KAZeounoERY/clip_59.npy,1
../data-256-3d/wkzNMNL-Rfw/clip_17.npy,1
../data-256-3d/2fw2DEqZZQk/clip_6.npy,1
../data-256-3d/DIVQ2dbIJAo/clip_35.npy,1
../data-256-3d/qnBwuxFDxlU/clip_22.npy,2
../data-256-3d/IWwwR_gsHNs/clip_30.npy,2
../data-256-3d/TdFsLf6NdA4/clip_17.npy,2
../data-256-3d/lR3d255pDhs/clip_59.npy,2
../data-256-3d/KAZeounoERY/clip_57.npy,2
../data-256-3d/x43laRLDg7g/clip_3.npy,2
../data-256-3d/o31qF2n3cEM/clip_5.npy,2
../data-256-3d/WeSCbT8dfQg/clip_59.npy,2
../data-256-3d/5F0YSYzD5dA/clip_34.npy,2
../data-256-3d/M1oSpJ7_5n8/clip_55.npy,2
../data-256-3d/r0_yMZtkJaY/clip_30.npy,2
../data-256-3d/9aOeOCLRYOM/clip_46.npy,2
../data-256-3d/gYe1Adcc-XM/clip_5.npy,2
../data-256-3d/_6MvD7aK_bI/clip_18.npy,2
../data-256-3d/yIO7CpJLF4I/clip_23.npy,2
../data-256-3d/IJww8hasnQA/clip_10.npy,2
../data-256-3d/-KUYDYCwnOQ/clip_40.npy,2
../data-256-3d/lR3d255pDhs/clip_15.npy,2
../data-256-3d/bs_X5z_mO4U/clip_37.npy,2
../data-256-3d/w1tx-FN9cC8/clip_42.npy,2
../data-256-3d/cOpWL8_l-BA/clip_52.npy,2
../data-256-3d/9Yr8U8mRVtI/clip_23.npy,2
../data-256-3d/av2Fcv-Fo0c/clip_16.npy,2
../data-256-3d/bnOpCMT_1yI/clip_26.npy,2
../data-256-3d/AC7UBpimsu0/clip_12.npy,2
../data-256-3d/5NOJAAAB6v0/clip_31.npy,2
../data-256-3d/zMH9s2o2Ilc/clip_5.npy,2
../data-256-3d/M1oSpJ7_5n8/clip_43.npy,2
../data-256-3d/M8-8SZfMNQ0/clip_17.npy,2
../data-256-3d/hLKlL4ENOYc/clip_5.npy,2
../data-256-3d/yIO7CpJLF4I/clip_18.npy,2
../data-256-3d/ueq6iE1b4u4/clip_24.npy,2
../data-256-3d/kKcoqUa1t-8/clip_37.npy,2
../data-256-3d/CZk25TdOkoc/clip_7.npy,2
../data-256-3d/hLKlL4ENOYc/clip_45.npy,2
../data-256-3d/FDlWZ1vC9Ww/clip_29.npy,3
../data-256-3d/QRemLNQpGeM/clip_21.npy,3
../data-256-3d/L49ZBqhXZ8I/clip_25.npy,3
../data-256-3d/ckCqd6pjHNI/clip_11.npy,3
../data-256-3d/0ntRJpD2fM8/clip_76.npy,3
../data-256-3d/GddyPzIOF_M/clip_18.npy,3
../data-256-3d/aq_bH0nwV6E/clip_44.npy,3
../data-256-3d/OnFFAuDeAIY/clip_23.npy,3
../data-256-3d/WF0GqBJuBLQ/clip_65.npy,3
../data-256-3d/QRemLNQpGeM/clip_21.npy,3
../data-256-3d/ObZXbA31SaA/clip_36.npy,3
../data-256-3d/Xpt3t_HfMXs/clip_56.npy,3
../data-256-3d/8bJvQf8pLbI/clip_24.npy,3
../data-256-3d/pxwnayuJtGY/clip_23.npy,3
../data-256-3d/UeOWCPOQK8Q/clip_15.npy,3
../data-256-3d/L49ZBqhXZ8I/clip_25.npy,3
../data-256-3d/DtzyvQ48s-8/clip_3.npy,3
../data-256-3d/DLLPlG5er6I/clip_32.npy,3
../data-256-3d/uPX_PU_0LTk/clip_21.npy,3
../data-256-3d/RXEBAiHRwKM/clip_71.npy,3
../data-256-3d/8-pWoWP9xLQ/clip_55.npy,3
../data-256-3d/3gtm0aaBkxM/clip_59.npy,3
../data-256-3d/EEafHCO6NBo/clip_46.npy,3
../data-256-3d/pLWjvrMmirI/clip_58.npy,3
../data-256-3d/EEafHCO6NBo/clip_46.npy,3
../data-256-3d/rjjYsw8Lx_I/clip_54.npy,3
../data-256-3d/gChs1VYhpIY/clip_29.npy,3
../data-256-3d/XvOBp8tyXm0/clip_7.npy,3
../data-256-3d/3gtm0aaBkxM/clip_59.npy,3
../data-256-3d/Xpt3t_HfMXs/clip_24.npy,3
../data-256-3d/aq_bH0nwV6E/clip_44.npy,3
../data-256-3d/y8uMlmc8xyA/clip_31.npy,3
../data-256-3d/DtzyvQ48s-8/clip_3.npy,3
../data-256-3d/gChs1VYhpIY/clip_29.npy,3
../data-256-3d/FdKXsMKG4v4/clip_39.npy,3
../data-256-3d/RXEBAiHRwKM/clip_71.npy,3
../data-256-3d/pLWjvrMmirI/clip_4.npy,4
../data-256-3d/nrZTpOdHzyE/clip_4.npy,4
../data-256-3d/FZ0ApfMCwfQ/clip_36.npy,4
../data-256-3d/61st5kS66oE/clip_6.npy,4
../data-256-3d/ObZXbA31SaA/clip_13.npy,4
../data-256-3d/Iq2vSM5rrCY/clip_4.npy,4
../data-256-3d/q6Cn94zA9NU/clip_31.npy,4
../data-256-3d/9aOeOCLRYOM/clip_48.npy,4
../data-256-3d/ueq6iE1b4u4/clip_33.npy,4
../data-256-3d/rgpUPTSJtgw/clip_13.npy,4
../data-256-3d/lfczmnqGUL0/clip_2.npy,4
../data-256-3d/3gtm0aaBkxM/clip_50.npy,4
../data-256-3d/TzC84PUCmH4/clip_20.npy,4
../data-256-3d/-pjofDnW8fU/clip_14.npy,4
../data-256-3d/izxp6X4t3Pg/clip_35.npy,4
../data-256-3d/N_bE2ep-CMo/clip_6.npy,4
../data-256-3d/0ntRJpD2fM8/clip_43.npy,4
../data-256-3d/4mrTUWACzoQ/clip_20.npy,4
../data-256-3d/MmJ81b2uUhI/clip_45.npy,4
../data-256-3d/ahEnvgLvRI4/clip_33.npy,4
../data-256-3d/x6xD0NzIx0g/clip_59.npy,4
../data-256-3d/B8NebXqBsto/clip_17.npy,4
../data-256-3d/ipH8lf68nZU/clip_63.npy,4
../data-256-3d/3O0Tnin0-RQ/clip_8.npy,4
../data-256-3d/gIgBRqQhSDs/clip_26.npy,4
../data-256-3d/63ce3pgTihA/clip_60.npy,4
../data-256-3d/WpH85OZMxZ0/clip_27.npy,4
../data-256-3d/e9-1xM57Zpk/clip_68.npy,4
../data-256-3d/Jv0j9HbbxRg/clip_39.npy,4
../data-256-3d/IWwwR_gsHNs/clip_27.npy,4
../data-256-3d/O8F5jyfYH8k/clip_63.npy,4
../data-256-3d/ahEnvgLvRI4/clip_84.npy,4
../data-256-3d/0aWfrZAM6Q8/clip_12.npy,4
../data-256-3d/lmSuwO-XstY/clip_51.npy,4
../data-256-3d/3gtm0aaBkxM/clip_42.npy,4
../data-256-3d/kJFBSK-qX58/clip_50.npy,4
../data-256-3d/Br-dlU2fSzM/clip_4.npy,5
../data-256-3d/vlYIEczYACQ/clip_25.npy,5
../data-256-3d/ipH8lf68nZU/clip_48.npy,5
../data-256-3d/j7Lsh86FqTM/clip_9.npy,5
../data-256-3d/5NOJAAAB6v0/clip_3.npy,5
../data-256-3d/PKFYdeyt900/clip_17.npy,5
../data-256-3d/rjjYsw8Lx_I/clip_61.npy,5
../data-256-3d/A2cTcDK-Vwo/clip_21.npy,5
../data-256-3d/aq_bH0nwV6E/clip_11.npy,5
../data-256-3d/aq_bH0nwV6E/clip_57.npy,5
../data-256-3d/PKFYdeyt900/clip_19.npy,5
../data-256-3d/63ce3pgTihA/clip_33.npy,5
../data-256-3d/2fw2DEqZZQk/clip_55.npy,5
../data-256-3d/D0EUTg0V1-A/clip_8.npy,5
../data-256-3d/34pDYPRZie4/clip_34.npy,5
../data-256-3d/FZ0ApfMCwfQ/clip_9.npy,5
../data-256-3d/LxiVvBYlutY/clip_53.npy,5
../data-256-3d/7QV5zFfqpx0/clip_12.npy,5
../data-256-3d/AoGjJKglf8A/clip_11.npy,5
../data-256-3d/HSTeOus8Etw/clip_22.npy,5
../data-256-3d/FKca-Gj7SBw/clip_13.npy,5
../data-256-3d/cr3caxj-4E4/clip_44.npy,5
../data-256-3d/Xpt3t_HfMXs/clip_38.npy,5
../data-256-3d/IajLUUqbP3k/clip_20.npy,5
../data-256-3d/Jv0j9HbbxRg/clip_18.npy,5
../data-256-3d/X-mYeAjOLk0/clip_11.npy,5
../data-256-3d/K3Lk4AfGlrg/clip_56.npy,6
../data-256-3d/3N80KGqyXDw/clip_59.npy,6
../data-256-3d/iiw635EIuSc/clip_57.npy,6
../data-256-3d/rMJ0EYO1Rj0/clip_82.npy,6
../data-256-3d/x94lAxGTqHQ/clip_74.npy,6
../data-256-3d/x94lAxGTqHQ/clip_74.npy,6
../data-256-3d/-lr_jc5fWqA/clip_46.npy,6
../data-256-3d/jwfCon2OcNc/clip_56.npy,6
../data-256-3d/72NU-RN8uL0/clip_67.npy,6
../data-256-3d/HSTeOus8Etw/clip_10.npy,6
../data-256-3d/0En5pOUZN5M/clip_2.npy,7
../data-256-3d/x94lAxGTqHQ/clip_27.npy,7
../data-256-3d/zYgYQAWrDmw/clip_36.npy,7
../data-256-3d/zCq9FYw-LNk/clip_15.npy,7
../data-256-3d/izxp6X4t3Pg/clip_10.npy,7
../data-256-3d/9kSklOMINnw/clip_23.npy,7
../data-256-3d/9Yr8U8mRVtI/clip_21.npy,7
../data-256-3d/7QV5zFfqpx0/clip_65.npy,7
../data-256-3d/oKHmYqwFt_Y/clip_26.npy,7
../data-256-3d/AC7UBpimsu0/clip_56.npy,7
../data-256-3d/IeSM7dGwcp0/clip_58.npy,7
../data-256-3d/r5nTtD554Cs/clip_32.npy,7
../data-256-3d/YG9aBnOSn1o/clip_5.npy,7
../data-256-3d/XjT1c2HfyEI/clip_13.npy,7
../data-256-3d/bs_X5z_mO4U/clip_15.npy,7
../data-256-3d/gIgBRqQhSDs/clip_40.npy,7
../data-256-3d/34pDYPRZie4/clip_2.npy,7
../data-256-3d/exrOpkdoBE8/clip_10.npy,7
../data-256-3d/cHlFhDGb9KY/clip_30.npy,7
../data-256-3d/mn-eC-r9f4Y/clip_50.npy,7
../data-256-3d/61st5kS66oE/clip_15.npy,7
../data-256-3d/gEqwceJZv0Q/clip_4.npy,7
../data-256-3d/mxoayKDdbdQ/clip_29.npy,7
../data-256-3d/CZk25TdOkoc/clip_25.npy,7
../data-256-3d/7QV5zFfqpx0/clip_15.npy,7
../data-256-3d/raYtq7YVqdQ/clip_32.npy,7
../data-256-3d/80ZKQsJmx9U/clip_25.npy,7
../data-256-3d/aIr5AQCyujM/clip_4.npy,7
../data-256-3d/KOKFSFxtVIE/clip_20.npy,7
../data-256-3d/65OJWxNvjts/clip_33.npy,7
../data-256-3d/8Kg9jj9hzGQ/clip_21.npy,7
../data-256-3d/0En5pOUZN5M/clip_5.npy,7
../data-256-3d/t-Fon63lHw8/clip_8.npy,7
../data-256-3d/YG9aBnOSn1o/clip_18.npy,7
../data-256-3d/bnOpCMT_1yI/clip_28.npy,7
../data-256-3d/63ce3pgTihA/clip_41.npy,7
../data-256-3d/L37RtiEj4Jw/clip_41.npy,8
../data-256-3d/2fw2DEqZZQk/clip_17.npy,8
../data-256-3d/72NU-RN8uL0/clip_27.npy,8
../data-256-3d/5w4QpuGJLj4/clip_25.npy,8
../data-256-3d/g7a1ySAdafs/clip_59.npy,8
../data-256-3d/zFga1xOchcQ/clip_40.npy,8
../data-256-3d/TzC84PUCmH4/clip_13.npy,8
../data-256-3d/pspGjapoLaI/clip_34.npy,8
../data-256-3d/zFga1xOchcQ/clip_72.npy,8
../data-256-3d/DgsbjLL1ZwU/clip_15.npy,8
../data-256-3d/exrOpkdoBE8/clip_59.npy,8
../data-256-3d/nrZTpOdHzyE/clip_7.npy,8
../data-256-3d/6Se_wjWWVrQ/clip_59.npy,8
../data-256-3d/XwdhS7CsZEU/clip_42.npy,8
../data-256-3d/etgt5N2CSD8/clip_3.npy,8
../data-256-3d/TOa8pvFM4V0/clip_21.npy,8
../data-256-3d/ahEnvgLvRI4/clip_79.npy,8
../data-256-3d/SM6b-Tv8_RM/clip_22.npy,8
../data-256-3d/KxK9H8w4wWk/clip_15.npy,8
../data-256-3d/61st5kS66oE/clip_23.npy,8
../data-256-3d/O8F5jyfYH8k/clip_12.npy,8
../data-256-3d/cXEn6ZquQXQ/clip_33.npy,8
../data-256-3d/8Kg9jj9hzGQ/clip_39.npy,8
../data-256-3d/l2xxAqkMHg8/clip_14.npy,8
../data-256-3d/5NOJAAAB6v0/clip_24.npy,8
../data-256-3d/vlYIEczYACQ/clip_24.npy,8
../data-256-3d/FKca-Gj7SBw/clip_23.npy,8
../data-256-3d/wunjmqau7tI/clip_13.npy,8
../data-256-3d/OnFFAuDeAIY/clip_29.npy,8
../data-256-3d/3N80KGqyXDw/clip_11.npy,8
../data-256-3d/8bJvQf8pLbI/clip_19.npy,8
../data-256-3d/isvp9FUYV0o/clip_22.npy,8
../data-256-3d/8bJvQf8pLbI/clip_23.npy,9
../data-256-3d/0VhsXKRmKfU/clip_56.npy,9
../data-256-3d/GUGKvdGLCFA/clip_6.npy,9
../data-256-3d/rMJ0EYO1Rj0/clip_44.npy,9
../data-256-3d/IWwwR_gsHNs/clip_8.npy,9
../data-256-3d/SM6b-Tv8_RM/clip_23.npy,9
../data-256-3d/GdIt8o1vyrY/clip_29.npy,9
../data-256-3d/61st5kS66oE/clip_20.npy,9
../data-256-3d/6Se_wjWWVrQ/clip_34.npy,9
../data-256-3d/gEqwceJZv0Q/clip_14.npy,9
../data-256-3d/aq_bH0nwV6E/clip_56.npy,9
../data-256-3d/9aOeOCLRYOM/clip_65.npy,9
../data-256-3d/FdKXsMKG4v4/clip_41.npy,9
../data-256-3d/izxp6X4t3Pg/clip_7.npy,10
../data-256-3d/jwfCon2OcNc/clip_57.npy,10
../data-256-3d/kKcoqUa1t-8/clip_17.npy,10
../data-256-3d/gEqwceJZv0Q/clip_12.npy,10
../data-256-3d/BM6Z6pY7Uu0/clip_29.npy,10
../data-256-3d/hAy_5ruwG58/clip_3.npy,10
../data-256-3d/BM6Z6pY7Uu0/clip_59.npy,10
../data-256-3d/ZVJMHLJ9w3s/clip_30.npy,10
../data-256-3d/cr3caxj-4E4/clip_18.npy,10
../data-256-3d/E5rB_-N-7l8/clip_3.npy,10
../data-256-3d/A2cTcDK-Vwo/clip_37.npy,10
../data-256-3d/Iq2vSM5rrCY/clip_22.npy,10
../data-256-3d/ueq6iE1b4u4/clip_36.npy,10
../data-256-3d/yJg65EO3Qxo/clip_26.npy,10
../data-256-3d/cr3caxj-4E4/clip_33.npy,10
../data-256-3d/AC7UBpimsu0/clip_9.npy,10
../data-256-3d/Yhc54R3Lztc/clip_30.npy,10
../data-256-3d/IsOMSuiYU2o/clip_19.npy,10
../data-256-3d/bs_X5z_mO4U/clip_11.npy,10
../data-256-3d/d1MDyJ1QJek/clip_54.npy,10
../data-256-3d/8Kg9jj9hzGQ/clip_17.npy,10
../data-256-3d/vlYIEczYACQ/clip_26.npy,10
../data-256-3d/65OJWxNvjts/clip_27.npy,10
../data-256-3d/nY58I2t9q7I/clip_21.npy,10
../data-256-3d/zFga1xOchcQ/clip_37.npy,10
../data-256-3d/d1MDyJ1QJek/clip_21.npy,10
../data-256-3d/ckCqd6pjHNI/clip_19.npy,10
../data-256-3d/_Ytj64t5w6w/clip_33.npy,10
../data-256-3d/oKHmYqwFt_Y/clip_45.npy,10
../data-256-3d/ahEnvgLvRI4/clip_44.npy,10
../data-256-3d/AgRpw8GGhD8/clip_2.npy,10
../data-256-3d/lfczmnqGUL0/clip_62.npy,10
../data-256-3d/AgRpw8GGhD8/clip_6.npy,10
../data-256-3d/XWtjl9fI9pY/clip_11.npy,10
../data-256-3d/ahEnvgLvRI4/clip_57.npy,10
../data-256-3d/Xpt3t_HfMXs/clip_28.npy,10
../data-256-3d/j7Lsh86FqTM/clip_6.npy,10
../data-256-3d/KG55c9XWRQo/clip_45.npy,10
../data-256-3d/o-pFLkMHdB4/clip_15.npy,10
